{
  "feature_importance": {
    "transaction_amount": 0.0343540330268366,
    "tx_count_7d": 0.33607007581417486,
    "avg_amount_30d": 0.0312957027701485,
    "amount_deviation_ratio": 0.03307058589631904,
    "hour_of_day": 0.02792900984805123,
    "is_weekend": 0.00451796228995047,
    "is_new_merchant": 0.0007330514617195465,
    "is_cross_border": 0.003032909731650342,
    "rule_based_risk": 0.03440633915567868
  },
  "top_features": [
    [
      "tx_count_7d",
      0.33607007581417486
    ],
    [
      "rule_based_risk",
      0.03440633915567868
    ],
    [
      "transaction_amount",
      0.0343540330268366
    ],
    [
      "amount_deviation_ratio",
      0.03307058589631904
    ],
    [
      "avg_amount_30d",
      0.0312957027701485
    ]
  ],
  "explanation_stability": 0.9739733968197835,
  "interpretable_for_pct": 0.948,
  "methodology": "SHAP TreeExplainer",
  "run_id": "098fa2a4eba94521b8a671fdfb3dd5dc"
}